ID,領域,メソッド,パス,認証,概要,主な入出力,利用画面（screens.csv の ID）,関連UC/FR,状態,備考,残作業の優先度
API-01,認証,GET,/auth/nonce,不要,SIWE 用 nonce の発行,出力: nonce,A1,UC-001,済,インメモリ保持（10 分）,
API-02,認証,POST,/auth/verify,不要,SIWE メッセージと署名を検証しユーザーを upsert・JWT 発行,入力: message / signature。出力: token / user,A1,UC-001,済,,
API-03,認証,GET,/auth/me,要,ログイン中ユーザーと World 検証済みの行為一覧,出力: user + human_verified_actions,"A1, A4",-,済,,
API-04,認証,GET,/auth/dev-users,不要,デモログイン用の役割一覧（DEV_LOGIN_ENABLED 時のみ）,出力: role / label の配列,A1,-,済,開発用,
API-05,認証,POST,/auth/dev-login,不要,ウォレット不要のデモログイン（DEV_LOGIN_ENABLED 時のみ）,入力: role。出力: token / user,A1,-,済,開発用,
API-06,設定,GET,/config,不要,チェーン ID・Escrow / USDC アドレス・ENS 親名・World app_id / rp_id・モック状態,出力: ConfigOut,"A1, A3, B5, D1, E1",-,済,,
API-07,World,GET,/world/rp-context?action=,要,IDKit の rp_context（RP 署名鍵で署名）を返す,入力: action（request / approve / review / jury / human-task）。出力: rp_id / nonce / created_at / expires_at / signature,A3,NFR-001,済,World 未設定時はダミー署名,
API-10,Agent,GET,/agents,不要,公開済み Agent の検索（カテゴリ・キーワード・並び順）,入力: category / q / sort。出力: AgentOut[],"B1, B3",UC-011,済,,
API-11,Agent,GET,/agents/mine,要,自分が作成した Agent 一覧,出力: AgentOut[],D2,UC-010,済,,
API-12,Agent,POST,/agents,要,Agent 作成（下書き）。公開先が自分の .eth なら ENSv2 で所有者を確認,入力: name / label / description / category / rules / fee_bps / payout_address / parent_ens_name。出力: AgentOut,D1,"UC-010, FR-026",済,,
API-13,Agent,POST,/agents/{id}/publish,要,公開。platform は worker が choice.eth の下に発行、creator は署名用 calldata を返す,出力: mode / txs[] / agent,"D1, D2","UC-010, FR-026",済,,
API-14,Agent,POST,/agents/{id}/ens-written,要,Creator 所有の Agent: ブラウザで送った tx hash を報告し published にする,入力: tx_hash。出力: AgentOut,"D1, D2",FR-026,済,,
API-15,Agent,GET,/agents/{id},不要,Agent 詳細。ENS の text record を Sepolia から直接読んで同梱,出力: AgentDetailOut（ens_records 付き）,"B2, G3","UC-011, NFR-004",済,,
API-16,Agent,GET,/agents/{id}/reviews,不要,Agent へのレビュー一覧,出力: ReviewOut[],B2,FR-025,済,,
API-17,Agent,PATCH,/agents/{id},要,Agent の説明・ルール・利用料を更新し ENS レコードを再書き込み,入力: description / rules / fee_bps。出力: AgentOut,D4,UC-010,未,worker に ens_update を投入する,中
API-18,Agent,GET,/agents/{id}/earnings,要,PM 工程の Paid tx を集計した受取履歴,出力: 案件ごとの金額と tx,D3,FR-024,未,FR-024 は Won't,低
API-20,案件,GET,/cases,要,自分の案件と承認者として関わる案件,出力: CaseOut[],"B4, A2",-,済,,
API-21,案件,GET,/cases/pending-approvals,要,自分の署名待ち工程を横断取得,出力: PendingApprovalOut[],"C1, A2",UC-005,済,,
API-22,案件,GET,/cases/notifications,要,承認待ち・指名・提出・支払い・紛争の通知,出力: NoticeOut[],A2,FR-032,済,,
API-23,案件,POST,/cases,要,依頼作成。World 検証（action=request）→ 計画ジョブ起動,入力: agent_id / title / description / budget_usdc / deadline / approvers[] / threshold / idkit_response。出力: CaseOut,B3,"UC-001, FR-002",済,,
API-24,案件,GET,/cases/{id},不要,案件詳細（タスク・オンチェーン投影・承認・Human Task・紛争 ID）,出力: CaseDetailOut,"B5, B6, B7, C2, E5",UC-002〜007,済,,
API-25,案件,POST,/cases/{id}/replan,要,計画失敗・承認待ちの案件を再計画,出力: CaseOut,B5,FR-033,済,,
API-26,案件,POST,/cases/{id}/opened,要,発注者の openCase tx を検証し、工程ごとの fundTask と project subname を worker に投入して実行開始,入力: tx_hash。出力: CaseDetailOut,B5,"UC-003, FR-007, FR-027",済,,
API-27,案件,GET,/cases/{id}/tasks/{task_id}/typed-data,要,承認用 EIP-712 typed data（caseId / taskId / deliverableHash / payee）,出力: TypedData,"C1, C2",FR-010,済,,
API-28,案件,POST,/cases/{id}/tasks/{task_id}/approve,要,承認。World 検証（action=approve）と署名者の照合後、worker が approve を中継。必要数で自動支払い,入力: signature / idkit_response。出力: TaskOut,"C1, C2","FR-010, FR-011, FR-012",済,,
API-29,案件,POST,/cases/{id}/resync,不要,オンチェーンの正本から投影を取り直す,出力: CaseDetailOut,"B6, G1",AQ-007,済,運用向け,
API-30,案件,GET,/cases/{id}/audit,不要,openCase / fund / submit / approve / pay の tx 一覧と承認者の ENS 名（逆引き）,出力: tx 履歴,G2,NFR-010,未,tx hash は tasks に保持済み。逆引きが要る,低
API-40,Human Task,GET,/human-tasks,不要,公開募集中の Human Task 一覧,出力: HumanTaskOut[],E3,UC-009,済,,
API-41,Human Task,GET,/human-tasks/assigned,要,自分（の人員）に指名されたタスク,出力: HumanTaskOut[],"E3, A2",追補1 F10,済,,
API-42,Human Task,GET,/human-tasks/mine,要,自分が受注したタスク,出力: HumanTaskOut[],E3,UC-009,済,,
API-43,Human Task,GET,/human-tasks/{id},不要,Human Task 詳細（指名者・理由・提出・AI 確認）,出力: HumanTaskOut,E4,UC-009,済,,
API-44,Human Task,POST,/human-tasks/{id}/accept,要,受諾 / 受注。World 検証（action=human-task）。指名中は本人のみ,入力: idkit_response。出力: HumanTaskOut,E4,"FR-021, 追補1 F10",済,,
API-45,Human Task,POST,/human-tasks/{id}/decline,要,指名の辞退 → PM Agent が次の候補に再指名（候補ゼロで公開募集）,出力: HumanTaskOut,E4,追補1 F10,済,,
API-46,Human Task,POST,/human-tasks/{id}/cancel,要,受注のキャンセル（open に戻す）,出力: HumanTaskOut,E4,UC-009,済,,
API-47,Human Task,POST,/human-tasks/{id}/submit,要,成果物の提出。AI が完成条件を確認し、worker が submit（ハッシュ・支払先=worker）を中継,入力: submission。出力: HumanTaskOut,E4,"FR-009, ADR-005",済,,
API-50,会社・人員,GET,/companies,不要,登録済みの会社と人員（指名候補プール）,出力: CompanyOut[],E2,追補1 F9,済,,
API-51,会社・人員,GET,/companies/mine,要,自分が管理者の会社,出力: CompanyOut[],E1,追補1 F9,済,,
API-52,会社・人員,POST,/companies,要,会社登録。ENS 名の所有者が接続ウォレットか ENSv2 で確認,入力: name / ens_name / description。出力: CompanyOut,E1,追補1 F9,済,,
API-53,会社・人員,GET,/companies/{id},不要,会社詳細,出力: CompanyOut,E1,追補1 F9,済,,
API-54,会社・人員,POST,/companies/{id}/members,要,人員の追加（管理者のみ）,入力: label / name / wallet_address / role / skills / location / available。出力: MemberOut,E1,追補1 F9,済,,
API-55,会社・人員,PATCH,/companies/{id}/members/{mid},要,人員の更新（稼働可否・役割・スキル・拠点）,出力: MemberOut,E1,追補1 F9,済,,
API-56,会社・人員,GET,/companies/{id}/members/{mid}/ens-calldata,要,会社管理者が署名する register / multicall の calldata,出力: txs[]（to / data / label）,E1,追補1 F9,済,会社側にサブレジストリとリゾルバが必要,
API-57,会社・人員,POST,/companies/{id}/members/{mid}/ens-written,要,ENS 書き込み完了の報告,入力: tx_hash。出力: MemberOut,E1,追補1 F9,済,,
API-60,レビュー,POST,/reviews,要,レビュー投稿。当事者のみ。World 検証（action=review）。Agent の評価を集計し ENS を更新,入力: case_id / rating / comment / idkit_response。出力: ReviewOut,"B7, E5","FR-014, FR-015, NFR-002",済,,
API-61,レビュー,GET,/reviews/case/{case_id},不要,案件のレビュー一覧,出力: ReviewOut[],"B7, E5",FR-014,済,,
API-70,紛争,POST,/cases/{id}/dispute,要,差し戻し。未払い工程を worker が dispute で保留し、AI が論点整理,入力: reason。出力: DisputeOut,B6,"FR-013, FR-016, FR-017",済,,
API-71,紛争,GET,/disputes?status=,不要,紛争一覧（審理中 / 終了）,出力: DisputeOut[],F1,UC-008,済,,
API-72,紛争,GET,/disputes/{id},不要,紛争詳細（論点サマリー・投票・結果）,出力: DisputeOut,F2,UC-008,済,,
API-73,紛争,POST,/disputes/{id}/vote,要,Jury 投票。当事者除外・World 検証（action=jury）・1 人 1 票。3 票で多数決し worker が resolve を工程ごとに送信,入力: vote（release / refund）/ idkit_response。出力: DisputeOut,F2,"FR-018, FR-019",済,,
API-80,運用,GET,/ops/jobs,要（運用者）,chain_jobs の一覧（状態・試行回数・エラー・tx）,出力: ChainJob[],G1,ADR-006,未,,低
API-81,運用,POST,/ops/jobs/{id}/retry,要（運用者）,失敗ジョブの再投入,出力: ChainJob,G1,ADR-006,未,,低
API-82,運用,GET,/ens/resolve?name=,不要,任意の ENS 名の所有者・リゾルバ・record を読む（案件・人員の ENS 表示用）,入力: name。出力: owner / resolver / addr / texts,G3,"FR-026, FR-027",未,scripts/ens_check.py の内容を API 化する,中
API-90,マイページ,GET,/me/summary,要,所属会社・受取履歴・World 検証済み行為をまとめて返す,出力: 集計,A4,-,未,,低
