ID,領域,画面,対象ユーザー,関連UC/FR,主な要素,状態,備考,優先度
A1,共通,ヘッダー / ナビ,全員,-,ウォレット接続・SIWE サインイン・通知・ログイン中の役割表示,済,,
A2,共通,通知一覧,全員,FR-032,承認依頼・提出・支払い・紛争・指名の一覧,済,API 由来。承認待ち・指名・提出・支払い・紛争,
A3,共通,World ID 確認モーダル,全員,NFR-001,IDKit ウィジェット。依頼開始・承認・レビュー・Jury・Human Task 受注の 5 行為で共通,済,,
A4,共通,マイページ,全員,-,自分のウォレット・ENS 名・World 検証済みの行為・所属会社・受取履歴,未,,低
B1,発注者,PM Agent Marketplace,発注者,UC-011,カテゴリ・評価・実績・手数料で検索。Creator 表示,済,,
B2,発注者,Agent 詳細,発注者,UC-011,プロフィール・ENS レコード・権限表・レビュー一覧・依頼ボタン,済,権限表はモック,
B3,発注者,依頼作成,発注者,UC-001,自然言語 1 文・承認者と必要数の設定・World 本人確認・依頼開始,済,,
B4,発注者,案件一覧,発注者,-,自分の案件と承認者として関わる案件。状態・予算,済,,
B5,発注者,案件詳細（計画承認）,発注者,"UC-002, UC-003",計画とチーム編成・ENS からの候補・契約と工程別の預託・openCase と USDC approve,済,候補一覧はモック,
B6,発注者,案件詳細（進行・検収）,発注者,"UC-004, UC-005",進捗・タスクボード・成果物ビューア・工程ごとの承認署名・承認数・差し戻し,済,,
B7,発注者,案件詳細（完了・レビュー）,発注者,UC-007,支払い済み工程と tx・Agent へのレビュー投稿,済,,
B8,発注者,承認待ち一覧,発注者,UC-005,自分の署名待ち工程を横断表示,済,C1 と同一,
C1,承認者,承認待ち一覧,承認者（開発部・経理部）,UC-005,自分の署名待ち工程を横断表示,済,案件一覧の「あなたの承認待ち」で横断表示・その場で署名,
C2,承認者,工程の承認,承認者（開発部・経理部）,"FR-010, FR-011",成果物・ハッシュ・支払先・World 確認・EIP-712 署名,済,案件詳細のカード内,
D1,Creator,Agent 作成,PM Agent Creator,UC-010,名前・ラベル・説明・カテゴリ・進め方・利用料・受取アドレス・公開先,済,公開先を choice.eth / 自分の .eth から選択。Creator 所有は本人が署名,
D2,Creator,Agent 管理一覧,PM Agent Creator,UC-010,状態・ENS tx・評価・実績・再公開,済,,
D3,Creator,Agent の収益,PM Agent Creator,FR-024,案件ごとの管理費の受取履歴,未,FR-024 は Won't,低
D4,Creator,Agent 編集,PM Agent Creator,UC-010,説明・ルール・利用料の更新と ENS レコードの再書き込み,未,,中
E1,会社・人員,会社と人員,会社管理者,追補1 F9,会社登録（ENS 所有確認）・人員の追加・稼働可否・ENS 書き込み,済,,
E2,会社・人員,人員一覧（公開）,全員,追補1 F10,PM Agent の指名候補として他社の人員プールを閲覧,済,会社と人員画面の下部,
E3,会社・人員,Human Task 一覧,人員・World 検証済みの人間,UC-009,あなたへの指名・公開募集・自分が受注したタスク,済,,
E4,会社・人員,Human Task 詳細,人員・World 検証済みの人間,UC-009,指名理由・受諾/辞退（World 確認）・提出・PM Agent の確認コメント,済,,
E5,会社・人員,発注者へのレビュー,Human Task 受注者,UC-007,案件完了後に worker が発注者を評価,済,案件詳細内,
F1,Jury,紛争一覧,Human Jury,UC-008,審理中・終了・保留額・投票数,済,,
F2,Jury,紛争詳細と投票,Human Jury,UC-008,差し戻し理由・AI の論点整理・成果物・当事者除外・World 確認つき投票・結果と resolve tx,済,,
G1,運用,チェーン連携ジョブ,運用者,ADR-006,chain_jobs の状態・失敗の再送・tx リンク,未,,低
G2,運用,監査ビュー,運用者・第三者,NFR-010,案件ごとの openCase/fund/submit/approve/pay の tx と承認者の ENS 名表示,未,,低
G3,運用,ENS 確認,全員,"FR-026, FR-027",Agent・案件・人員の名前と record をオンチェーンから読んで表示,部分,Agent 詳細のみ。案件と人員は無い,中
